phase,i53,i85
0,0.000000,0.000000
1,0.798621,0.996194
2,1.597154,1.992386
3,2.395510,2.988574
4,3.193601,3.984754
5,3.991339,4.980925
6,4.788633,5.977085
7,5.585394,6.973230
8,6.381530,7.969359
9,7.176951,8.965469
10,7.971563,9.961558
11,8.765273,10.957623
12,9.557984,11.953661
13,10.349601,12.949669
14,11.140025,13.945646
15,11.929155,14.941588
16,12.716891,15.937491
17,13.503127,16.933354
18,14.287757,17.929173
19,15.070673,18.924944
20,15.851763,19.920664
21,16.630913,20.916330
22,17.408006,21.911938
23,18.182922,22.907484
24,18.955538,23.902964
25,19.725726,24.898374
26,20.493356,25.893709
27,21.258293,26.888964
28,22.020398,27.884135
29,22.779528,28.879216
30,23.535535,29.874201
31,24.288266,30.869085
32,25.037563,31.863862
33,25.783262,32.858524
34,26.525195,33.853065
35,27.263187,34.847477
36,27.997055,35.841752
37,28.726612,36.835881
38,29.451663,37.829855
39,30.172006,38.823664
40,30.887431,39.817297
41,31.597722,40.810743
42,32.302651,41.803988
43,33.001986,42.797021
44,33.695483,43.789825
45,34.382890,44.782385
46,35.063946,45.774684
47,35.738378,46.766703
48,36.405906,47.758421
49,37.066236,48.749815
50,37.719066,49.740862
51,38.364081,50.731534
52,39.000957,51.721801
53,39.629355,52.711629
54,40.248928,53.700983
55,40.859314,54.689822
56,41.460140,55.678099
57,42.051021,56.665766
58,42.631560,57.652764
59,43.201347,58.639031
60,43.759962,59.624493
61,44.306971,60.609070
62,44.841930,61.592669
63,45.364385,62.575183
64,45.873869,63.556492
65,46.369909,64.536454
66,46.852020,65.514908
67,47.319712,66.491665
68,47.772487,67.466502
69,48.209842,68.439160
70,48.631271,69.409328
71,49.036268,70.376637
72,49.424323,71.340641
73,49.794932,72.300800
74,50.147594,73.256451
75,50.481815,74.206776
76,50.797111,75.150750
77,51.093010,76.087081
78,51.369055,77.014115
79,51.624808,77.929709
80,51.859850,78.831047
81,52.073789,79.714382
82,52.266256,80.574649
83,52.436916,81.404918
84,52.585464,82.195610
85,52.711629,82.933426
86,52.815180,83.600051
87,52.895923,84.171009
88,52.953707,84.615779
89,52.988421,84.901230
90,53.000000,85.000000
91,52.988421,84.901230
92,52.953707,84.615779
93,52.895923,84.171009
94,52.815180,83.600051
95,52.711629,82.933426
96,52.585464,82.195610
97,52.436916,81.404918
98,52.266256,80.574649
99,52.073789,79.714382
100,51.859850,78.831047
101,51.624808,77.929709
102,51.369055,77.014115
103,51.093010,76.087081
104,50.797111,75.150750
105,50.481815,74.206776
106,50.147594,73.256451
107,49.794932,72.300800
108,49.424323,71.340641
109,49.036268,70.376637
110,48.631271,69.409328
111,48.209842,68.439160
112,47.772487,67.466502
113,47.319712,66.491665
114,46.852020,65.514908
115,46.369909,64.536454
116,45.873869,63.556492
117,45.364385,62.575183
118,44.841930,61.592669
119,44.306971,60.609070
120,43.759962,59.624493
121,43.201347,58.639031
122,42.631560,57.652764
123,42.051021,56.665766
124,41.460140,55.678099
125,40.859314,54.689822
126,40.248928,53.700983
127,39.629355,52.711629
128,39.000957,51.721801
129,38.364081,50.731534
130,37.719066,49.740862
131,37.066236,48.749815
132,36.405906,47.758421
133,35.738378,46.766703
134,35.063946,45.774684
135,34.382890,44.782385
136,33.695483,43.789825
137,33.001986,42.797021
138,32.302651,41.803988
139,31.597722,40.810743
140,30.887431,39.817297
141,30.172006,38.823664
142,29.451663,37.829855
143,28.726612,36.835881
144,27.997055,35.841752
145,27.263187,34.847477
146,26.525195,33.853065
147,25.783262,32.858524
148,25.037563,31.863862
149,24.288266,30.869085
150,23.535535,29.874201
151,22.779528,28.879216
152,22.020398,27.884135
153,21.258293,26.888964
154,20.493356,25.893709
155,19.725726,24.898374
156,18.955538,23.902964
157,18.182922,22.907484
158,17.408006,21.911938
159,16.630913,20.916330
160,15.851763,19.920664
161,15.070673,18.924944
162,14.287757,17.929173
163,13.503127,16.933354
164,12.716891,15.937491
165,11.929155,14.941588
166,11.140025,13.945646
167,10.349601,12.949669
168,9.557984,11.953661
169,8.765273,10.957623
170,7.971563,9.961558
171,7.176951,8.965469
172,6.381530,7.969359
173,5.585394,6.973230
174,4.788633,5.977085
175,3.991339,4.980925
176,3.193601,3.984754
177,2.395510,2.988574
178,1.597154,1.992386
179,0.798621,0.996194
180,0.000000,0.000000
181,-0.798621,-0.996194
182,-1.597154,-1.992386
183,-2.395510,-2.988574
184,-3.193601,-3.984754
185,-3.991339,-4.980925
186,-4.788633,-5.977085
187,-5.585394,-6.973230
188,-6.381530,-7.969359
189,-7.176951,-8.965469
190,-7.971563,-9.961558
191,-8.765273,-10.957623
192,-9.557984,-11.953661
193,-10.349601,-12.949669
194,-11.140025,-13.945646
195,-11.929155,-14.941588
196,-12.716891,-15.937491
197,-13.503127,-16.933354
198,-14.287757,-17.929173
199,-15.070673,-18.924944
200,-15.851763,-19.920664
201,-16.630913,-20.916330
202,-17.408006,-21.911938
203,-18.182922,-22.907484
204,-18.955538,-23.902964
205,-19.725726,-24.898374
206,-20.493356,-25.893709
207,-21.258293,-26.888964
208,-22.020398,-27.884135
209,-22.779528,-28.879216
210,-23.535535,-29.874201
211,-24.288266,-30.869085
212,-25.037563,-31.863862
213,-25.783262,-32.858524
214,-26.525195,-33.853065
215,-27.263187,-34.847477
216,-27.997055,-35.841752
217,-28.726612,-36.835881
218,-29.451663,-37.829855
219,-30.172006,-38.823664
220,-30.887431,-39.817297
221,-31.597722,-40.810743
222,-32.302651,-41.803988
223,-33.001986,-42.797021
224,-33.695483,-43.789825
225,-34.382890,-44.782385
226,-35.063946,-45.774684
227,-35.738378,-46.766703
228,-36.405906,-47.758421
229,-37.066236,-48.749815
230,-37.719066,-49.740862
231,-38.364081,-50.731534
232,-39.000957,-51.721801
233,-39.629355,-52.711629
234,-40.248928,-53.700983
235,-40.859314,-54.689822
236,-41.460140,-55.678099
237,-42.051021,-56.665766
238,-42.631560,-57.652764
239,-43.201347,-58.639031
240,-43.759962,-59.624493
241,-44.306971,-60.609070
242,-44.841930,-61.592669
243,-45.364385,-62.575183
244,-45.873869,-63.556492
245,-46.369909,-64.536454
246,-46.852020,-65.514908
247,-47.319712,-66.491665
248,-47.772487,-67.466502
249,-48.209842,-68.439160
250,-48.631271,-69.409328
251,-49.036268,-70.376637
252,-49.424323,-71.340641
253,-49.794932,-72.300800
254,-50.147594,-73.256451
255,-50.481815,-74.206776
256,-50.797111,-75.150750
257,-51.093010,-76.087081
258,-51.369055,-77.014115
259,-51.624808,-77.929709
260,-51.859850,-78.831047
261,-52.073789,-79.714382
262,-52.266256,-80.574649
263,-52.436916,-81.404918
264,-52.585464,-82.195610
265,-52.711629,-82.933426
266,-52.815180,-83.600051
267,-52.895923,-84.171009
268,-52.953707,-84.615779
269,-52.988421,-84.901230
270,-53.000000,-85.000000
271,-52.988421,-84.901230
272,-52.953707,-84.615779
273,-52.895923,-84.171009
274,-52.815180,-83.600051
275,-52.711629,-82.933426
276,-52.585464,-82.195610
277,-52.436916,-81.404918
278,-52.266256,-80.574649
279,-52.073789,-79.714382
280,-51.859850,-78.831047
281,-51.624808,-77.929709
282,-51.369055,-77.014115
283,-51.093010,-76.087081
284,-50.797111,-75.150750
285,-50.481815,-74.206776
286,-50.147594,-73.256451
287,-49.794932,-72.300800
288,-49.424323,-71.340641
289,-49.036268,-70.376637
290,-48.631271,-69.409328
291,-48.209842,-68.439160
292,-47.772487,-67.466502
293,-47.319712,-66.491665
294,-46.852020,-65.514908
295,-46.369909,-64.536454
296,-45.873869,-63.556492
297,-45.364385,-62.575183
298,-44.841930,-61.592669
299,-44.306971,-60.609070
300,-43.759962,-59.624493
301,-43.201347,-58.639031
302,-42.631560,-57.652764
303,-42.051021,-56.665766
304,-41.460140,-55.678099
305,-40.859314,-54.689822
306,-40.248928,-53.700983
307,-39.629355,-52.711629
308,-39.000957,-51.721801
309,-38.364081,-50.731534
310,-37.719066,-49.740862
311,-37.066236,-48.749815
312,-36.405906,-47.758421
313,-35.738378,-46.766703
314,-35.063946,-45.774684
315,-34.382890,-44.782385
316,-33.695483,-43.789825
317,-33.001986,-42.797021
318,-32.302651,-41.803988
319,-31.597722,-40.810743
320,-30.887431,-39.817297
321,-30.172006,-38.823664
322,-29.451663,-37.829855
323,-28.726612,-36.835881
324,-27.997055,-35.841752
325,-27.263187,-34.847477
326,-26.525195,-33.853065
327,-25.783262,-32.858524
328,-25.037563,-31.863862
329,-24.288266,-30.869085
330,-23.535535,-29.874201
331,-22.779528,-28.879216
332,-22.020398,-27.884135
333,-21.258293,-26.888964
334,-20.493356,-25.893709
335,-19.725726,-24.898374
336,-18.955538,-23.902964
337,-18.182922,-22.907484
338,-17.408006,-21.911938
339,-16.630913,-20.916330
340,-15.851763,-19.920664
341,-15.070673,-18.924944
342,-14.287757,-17.929173
343,-13.503127,-16.933354
344,-12.716891,-15.937491
345,-11.929155,-14.941588
346,-11.140025,-13.945646
347,-10.349601,-12.949669
348,-9.557984,-11.953661
349,-8.765273,-10.957623
350,-7.971563,-9.961558
351,-7.176951,-8.965469
352,-6.381530,-7.969359
353,-5.585394,-6.973230
354,-4.788633,-5.977085
355,-3.991339,-4.980925
356,-3.193601,-3.984754
357,-2.395510,-2.988574
358,-1.597154,-1.992386
359,-0.798621,-0.996194
360,-0.000000,-0.000000
