minutes,h550,h1200
-8.00,0.000000,7.003675
-7.95,0.000000,7.206845
-7.90,0.000000,7.411326
-7.85,0.000000,7.617138
-7.80,0.000000,7.824303
-7.75,0.000000,8.032842
-7.70,0.000000,8.242777
-7.65,0.000000,8.454132
-7.60,0.000000,8.666928
-7.55,0.000000,8.881191
-7.50,0.000000,9.096942
-7.45,0.000000,9.314208
-7.40,0.000000,9.533012
-7.35,0.000000,9.753381
-7.30,0.000000,9.975340
-7.25,0.000000,10.198916
-7.20,0.000000,10.424136
-7.15,0.000000,10.651028
-7.10,0.000000,10.879620
-7.05,0.000000,11.109941
-7.00,0.000000,11.342020
-6.95,0.000000,11.575887
-6.90,0.000000,11.811574
-6.85,0.000000,12.049111
-6.80,0.000000,12.288530
-6.75,0.000000,12.529865
-6.70,0.000000,12.773149
-6.65,0.000000,13.018415
-6.60,0.000000,13.265699
-6.55,0.000000,13.515036
-6.50,0.000000,13.766463
-6.45,0.000000,14.020016
-6.40,0.000000,14.275735
-6.35,0.000000,14.533657
-6.30,0.000000,14.793823
-6.25,0.000000,15.056273
-6.20,0.000000,15.321048
-6.15,0.000000,15.588190
-6.10,0.001806,15.857744
-6.05,0.191034,16.129753
-6.00,0.381758,16.404262
-5.95,0.574013,16.681317
-5.90,0.767836,16.960967
-5.85,0.963266,17.243258
-5.80,1.160340,17.528240
-5.75,1.359100,17.815964
-5.70,1.559587,18.106482
-5.65,1.761844,18.399845
-5.60,1.965915,18.696107
-5.55,2.171847,18.995324
-5.50,2.379686,19.297552
-5.45,2.589483,19.602849
-5.40,2.801287,19.911272
-5.35,3.015151,20.222882
-5.30,3.231129,20.537741
-5.25,3.449277,20.855911
-5.20,3.669653,21.177456
-5.15,3.892318,21.502441
-5.10,4.117334,21.830934
-5.05,4.344764,22.163003
-5.00,4.574676,22.498718
-4.95,4.807140,22.838150
-4.90,5.042226,23.181372
-4.85,5.280009,23.528458
-4.80,5.520566,23.879485
-4.75,5.763978,24.234531
-4.70,6.010328,24.593674
-4.65,6.259701,24.956996
-4.60,6.512188,25.324579
-4.55,6.767881,25.696508
-4.50,7.026877,26.072869
-4.45,7.289277,26.453750
-4.40,7.555185,26.839241
-4.35,7.824710,27.229433
-4.30,8.097965,27.624420
-4.25,8.375068,28.024296
-4.20,8.656141,28.429159
-4.15,8.941312,28.839108
-4.10,9.230714,29.254243
-4.05,9.524485,29.674667
-4.00,9.822771,30.100484
-3.95,10.125722,30.531801
-3.90,10.433495,30.968725
-3.85,10.746254,31.411367
-3.80,11.064170,31.859839
-3.75,11.387423,32.314253
-3.70,11.716200,32.774725
-3.65,12.050696,33.241373
-3.60,12.391115,33.714315
-3.55,12.737671,34.193671
-3.50,13.090587,34.679564
-3.45,13.450099,35.172116
-3.40,13.816450,35.671453
-3.35,14.189898,36.177701
-3.30,14.570712,36.690987
-3.25,14.959174,37.211440
-3.20,15.355579,37.739190
-3.15,15.760238,38.274367
-3.10,16.173476,38.817102
-3.05,16.595636,39.367527
-3.00,17.027076,39.925775
-2.95,17.468173,40.491978
-2.90,17.919325,41.066267
-2.85,18.380946,41.648777
-2.80,18.853477,42.239637
-2.75,19.337376,42.838980
-2.70,19.833129,43.446935
-2.65,20.341247,44.063630
-2.60,20.862267,44.689193
-2.55,21.396753,45.323748
-2.50,21.945303,45.967418
-2.45,22.508542,46.620322
-2.40,23.087133,47.282575
-2.35,23.681770,47.954292
-2.30,24.293189,48.635580
-2.25,24.922160,49.326542
-2.20,25.569500,50.027276
-2.15,26.236064,50.737876
-2.10,26.922756,51.458426
-2.05,27.630527,52.189006
-2.00,28.360377,52.929688
-1.95,29.113357,53.680532
-1.90,29.890574,54.441595
-1.85,30.693189,55.212919
-1.80,31.522421,55.994539
-1.75,32.379546,56.786476
-1.70,33.265901,57.588742
-1.65,34.182882,58.401334
-1.60,35.131946,59.224236
-1.55,36.114607,60.057420
-1.50,37.132438,60.900841
-1.45,38.187066,61.754438
-1.40,39.280165,62.618136
-1.35,40.413456,63.491841
-1.30,41.588695,64.375443
-1.25,42.807662,65.268812
-1.20,44.072150,66.171800
-1.15,45.383949,67.084240
-1.10,46.744827,68.005947
-1.05,48.156503,68.936713
-1.00,49.620623,69.876311
-0.95,51.138730,70.824494
-0.90,52.712222,71.780994
-0.85,54.342312,72.745522
-0.80,56.029985,73.717769
-0.75,57.775946,74.697407
-0.70,59.580563,75.684085
-0.65,61.443816,76.677434
-0.60,63.365236,77.677069
-0.55,65.343852,78.682582
-0.50,67.378136,79.693550
-0.45,69.465964,80.709534
-0.40,71.604571,81.730080
-0.35,73.790538,82.754717
-0.30,76.019783,83.782964
-0.25,78.287574,84.814328
-0.20,80.588568,85.848304
-0.15,82.916862,86.884381
-0.10,85.266079,87.922039
-0.05,87.629464,88.960755
0.00,90.000000,90.000000
0.05,87.629464,88.960755
0.10,85.266079,87.922039
0.15,82.916862,86.884381
0.20,80.588568,85.848304
0.25,78.287574,84.814328
0.30,76.019783,83.782964
0.35,73.790538,82.754717
0.40,71.604571,81.730080
0.45,69.465964,80.709534
0.50,67.378136,79.693550
0.55,65.343852,78.682582
0.60,63.365236,77.677069
0.65,61.443816,76.677434
0.70,59.580563,75.684085
0.75,57.775946,74.697407
0.80,56.029985,73.717769
0.85,54.342312,72.745522
0.90,52.712222,71.780994
0.95,51.138730,70.824494
1.00,49.620623,69.876311
1.05,48.156503,68.936713
1.10,46.744827,68.005947
1.15,45.383949,67.084240
1.20,44.072150,66.171800
1.25,42.807662,65.268812
1.30,41.588695,64.375443
1.35,40.413456,63.491841
1.40,39.280165,62.618136
1.45,38.187066,61.754438
1.50,37.132438,60.900841
1.55,36.114607,60.057420
1.60,35.131946,59.224236
1.65,34.182882,58.401334
1.70,33.265901,57.588742
1.75,32.379546,56.786476
1.80,31.522421,55.994539
1.85,30.693189,55.212919
1.90,29.890574,54.441595
1.95,29.113357,53.680532
2.00,28.360377,52.929688
2.05,27.630527,52.189006
2.10,26.922756,51.458426
2.15,26.236064,50.737876
2.20,25.569500,50.027276
2.25,24.922160,49.326542
2.30,24.293189,48.635580
2.35,23.681770,47.954292
2.40,23.087133,47.282575
2.45,22.508542,46.620322
2.50,21.945303,45.967418
2.55,21.396753,45.323748
2.60,20.862267,44.689193
2.65,20.341247,44.063630
2.70,19.833129,43.446935
2.75,19.337376,42.838980
2.80,18.853477,42.239637
2.85,18.380946,41.648777
2.90,17.919325,41.066267
2.95,17.468173,40.491978
3.00,17.027076,39.925775
3.05,16.595636,39.367527
3.10,16.173476,38.817102
3.15,15.760238,38.274367
3.20,15.355579,37.739190
3.25,14.959174,37.211440
3.30,14.570712,36.690987
3.35,14.189898,36.177701
3.40,13.816450,35.671453
3.45,13.450099,35.172116
3.50,13.090587,34.679564
3.55,12.737671,34.193671
3.60,12.391115,33.714315
3.65,12.050696,33.241373
3.70,11.716200,32.774725
3.75,11.387423,32.314253
3.80,11.064170,31.859839
3.85,10.746254,31.411367
3.90,10.433495,30.968725
3.95,10.125722,30.531801
4.00,9.822771,30.100484
4.05,9.524485,29.674667
4.10,9.230714,29.254243
4.15,8.941312,28.839108
4.20,8.656141,28.429159
4.25,8.375068,28.024296
4.30,8.097965,27.624420
4.35,7.824710,27.229433
4.40,7.555185,26.839241
4.45,7.289277,26.453750
4.50,7.026877,26.072869
4.55,6.767881,25.696508
4.60,6.512188,25.324579
4.65,6.259701,24.956996
4.70,6.010328,24.593674
4.75,5.763978,24.234531
4.80,5.520566,23.879485
4.85,5.280009,23.528458
4.90,5.042226,23.181372
4.95,4.807140,22.838150
5.00,4.574676,22.498718
5.05,4.344764,22.163003
5.10,4.117334,21.830934
5.15,3.892318,21.502441
5.20,3.669653,21.177456
5.25,3.449277,20.855911
5.30,3.231129,20.537741
5.35,3.015151,20.222882
5.40,2.801287,19.911272
5.45,2.589483,19.602849
5.50,2.379686,19.297552
5.55,2.171847,18.995324
5.60,1.965915,18.696107
5.65,1.761844,18.399845
5.70,1.559587,18.106482
5.75,1.359100,17.815964
5.80,1.160340,17.528240
5.85,0.963266,17.243258
5.90,0.767836,16.960967
5.95,0.574013,16.681317
6.00,0.381758,16.404262
6.05,0.191034,16.129753
6.10,0.001806,15.857744
6.15,0.000000,15.588190
6.20,0.000000,15.321048
6.25,0.000000,15.056273
6.30,0.000000,14.793823
6.35,0.000000,14.533657
6.40,0.000000,14.275735
6.45,0.000000,14.020016
6.50,0.000000,13.766463
6.55,0.000000,13.515036
6.60,0.000000,13.265699
6.65,0.000000,13.018415
6.70,0.000000,12.773149
6.75,0.000000,12.529865
6.80,0.000000,12.288530
6.85,0.000000,12.049111
6.90,0.000000,11.811574
6.95,0.000000,11.575887
7.00,0.000000,11.342020
7.05,0.000000,11.109941
7.10,0.000000,10.879620
7.15,0.000000,10.651028
7.20,0.000000,10.424136
7.25,0.000000,10.198916
7.30,0.000000,9.975340
7.35,0.000000,9.753381
7.40,0.000000,9.533012
7.45,0.000000,9.314208
7.50,0.000000,9.096942
7.55,0.000000,8.881191
7.60,0.000000,8.666928
7.65,0.000000,8.454132
7.70,0.000000,8.242777
7.75,0.000000,8.032842
7.80,0.000000,7.824303
7.85,0.000000,7.617138
7.90,0.000000,7.411326
7.95,0.000000,7.206845
8.00,0.000000,7.003675
